model,val_error,ms_per_image,n_params
cnn,0.05003000000000002,0.389944856249258,11181642
vit,0.271,2.558009310939724,5577080
clip,0.3548,0.006618814060743716,166282
dino,0.258,0.006470378124845411,855178
